<?xml version="1.0" encoding="UTF-8"?>
<project-private xmlns="http://www.netbeans.org/ns/project-private/1">
    <editor-bookmarks xmlns="http://www.netbeans.org/ns/editor-bookmarks/2" lastBookmarkId="0"/>
    <open-files xmlns="http://www.netbeans.org/ns/projectui-open-files/2">
        <group>
            <file>file:/home/bamz/School/DM507/Algoritme%20del%203/src/ad3/BitOutputStream.java</file>
            <file>file:/home/bamz/School/DM507/Algoritme%20del%203/src/ad3/Test.java</file>
            <file>file:/home/bamz/School/DM507/Algoritme%20del%203/src/ad3/BitInputStream.java</file>
            <file>file:/home/bamz/School/DM507/Algoritme%20del%203/src/ad3/Encode.java</file>
        </group>
    </open-files>
</project-private>
